"id"|"prenom"|"nom"|"pseudonyme"|"naissance"|"mort"|"notes_bnf"|"pseudos_alternatifs"|"liens_info"|"liens_icono"|"genre"
2|||Jean-Baptiste Poquelin dit Molière|1622|1673||Jean-Baptiste Poquelin (1622-1673)/Jean-Baptiste Poquelin de Molière (1622-1673)|{http://data.bnf.fr/ark:/12148/cb11916418p}|{http://commons.wikimedia.org/wiki/Special:FilePath/Molière_-_Nicolas_Mignard_(1658).jpg?width=300,http://gallica.bnf.fr/ark:/12148/bpt6k102294z.thumbnail,http://gallica.bnf.fr/ark:/12148/bpt6k103076p.thumbnail,http://gallica.bnf.fr/ark:/12148/bpt6k200133v.thumbnail,http://gallica.bnf.fr/ark:/12148/bpt6k2013692.thumbnail,http://gallica.bnf.fr/ark:/12148/bpt6k2013857.thumbnail,http://gallica.bnf.fr/ark:/12148/bpt6k201393t.thumbnail,http://gallica.bnf.fr/ark:/12148/bpt6k2013946.thumbnail,http://gallica.bnf.fr/ark:/12148/bpt6k202364f.thumbnail,http://gallica.bnf.fr/ark:/12148/bpt6k2025205.thumbnail,http://gallica.bnf.fr/ark:/12148/bpt6k2027126.thumbnail,http://gallica.bnf.fr/ark:/12148/bpt6k204334z.thumbnail,http://gallica.bnf.fr/ark:/12148/bpt6k204375q.thumbnail,http://gallica.bnf.fr/ark:/12148/bpt6k204391w.thumbnail,http://gallica.bnf.fr/ark:/12148/bpt6k205042w.thumbnail,http://gallica.bnf.fr/ark:/12148/bpt6k205055c.thumbnail,http://gallica.bnf.fr/ark:/12148/bpt6k2065310.thumbnail,http://gallica.bnf.fr/ark:/12148/bpt6k209989t.thumbnail,http://gallica.bnf.fr/ark:/12148/bpt6k209990r.thumbnail,http://gallica.bnf.fr/ark:/12148/bpt6k2099914.thumbnail,http://gallica.bnf.fr/ark:/12148/bpt6k213582h.thumbnail,http://gallica.bnf.fr/ark:/12148/bpt6k220629t.thumbnail,http://gallica.bnf.fr/ark:/12148/bpt6k48133z.thumbnail,http://gallica.bnf.fr/ark:/12148/bpt6k5629348n.thumbnail,http://gallica.bnf.fr/ark:/12148/bpt6k56728920.thumbnail,http://gallica.bnf.fr/ark:/12148/bpt6k57729507.thumbnail,http://gallica.bnf.fr/ark:/12148/bpt6k5783359g.thumbnail,http://gallica.bnf.fr/ark:/12148/bpt6k6479795s.thumbnail,http://gallica.bnf.fr/ark:/12148/bpt6k6485873k.thumbnail,http://gallica.bnf.fr/ark:/12148/bpt6k64890376.thumbnail,http://gallica.bnf.fr/ark:/12148/bpt6k6489448c.thumbnail,http://gallica.bnf.fr/ark:/12148/bpt6k6496104h.thumbnail,http://gallica.bnf.fr/ark:/12148/bpt6k6497786r.thumbnail,http://gallica.bnf.fr/ark:/12148/bpt6k6922j.thumbnail,http://gallica.bnf.fr/ark:/12148/bpt6k7681c.thumbnail,http://gallica.bnf.fr/ark:/12148/bpt6k7682p.thumbnail,http://gallica.bnf.fr/ark:/12148/bpt6k76830.thumbnail,http://gallica.bnf.fr/ark:/12148/bpt6k80814.thumbnail,http://gallica.bnf.fr/ark:/12148/btv1b10509056w.thumbnail,http://gallica.bnf.fr/ark:/12148/btv1b105090953.thumbnail,http://gallica.bnf.fr/ark:/12148/btv1b10516064p.thumbnail,http://gallica.bnf.fr/ark:/12148/btv1b53069669z.thumbnail,http://gallica.bnf.fr/ark:/12148/btv1b53069680r.thumbnail,http://gallica.bnf.fr/ark:/12148/btv1b53074284m.thumbnail,http://gallica.bnf.fr/ark:/12148/btv1b530742852.thumbnail,http://gallica.bnf.fr/ark:/12148/btv1b53074286h.thumbnail,http://gallica.bnf.fr/ark:/12148/btv1b53076535t.thumbnail,http://gallica.bnf.fr/ark:/12148/btv1b53076541f.thumbnail,http://gallica.bnf.fr/ark:/12148/btv1b53076553r.thumbnail,http://gallica.bnf.fr/ark:/12148/btv1b530765546.thumbnail,http://gallica.bnf.fr/ark:/12148/btv1b53083947x.thumbnail,http://gallica.bnf.fr/ark:/12148/btv1b530863143.thumbnail,http://gallica.bnf.fr/ark:/12148/btv1b6948012n.thumbnail,http://gallica.bnf.fr/ark:/12148/btv1b7740043f.thumbnail,http://gallica.bnf.fr/ark:/12148/btv1b7740044v.thumbnail,http://gallica.bnf.fr/ark:/12148/btv1b8405154h.thumbnail,http://gallica.bnf.fr/ark:/12148/btv1b8405155x.thumbnail,http://gallica.bnf.fr/ark:/12148/btv1b8405156b.thumbnail,http://gallica.bnf.fr/ark:/12148/btv1b8405157r.thumbnail,http://gallica.bnf.fr/ark:/12148/btv1b84051585.thumbnail,http://gallica.bnf.fr/ark:/12148/btv1b8422717x.thumbnail,http://gallica.bnf.fr/ark:/12148/btv1b8436359d.thumbnail,http://gallica.bnf.fr/ark:/12148/btv1b8458306f.thumbnail}|M
5|||François-Marie Arouet dit Voltaire|1694|1778|Écrivain et philosophe. - Membre de l'Académie française (1746)|Abbé de La Caille (1694-1778)/Abbé de Tilladet (1694-1778)/Abbé Tamponet (1694-1778)/Antoine Vadé (1694-1778)/B. Académicien (1694-1778)/Catherine Vadé (1694-1778)/Charles Gouju (1694-1778)/Cte de Tournay (1694-1778)/Cte Passeran (1694-1778)/De L'Écluse (1694-1778)/Démad (1694-1778)/De Morza (1694-1778)/Docteur Goodheart (1694-1778)/Dr Étallonde de Morival (1694-1778)/Évhémère (1694-1778)/Fatéma (1694-1778)/Feu Mr Thomson (1694-1778)/François-Marie Arouet (1694-1778)/François-Marie Arouet de Voltaire (1694-1778)/Gabriel Grasset (1694-1778)/Good-Natur'd Vellvisher (1694-1778)/Good Natur'd Wellwisher (1694-1778)/Huet (1694-1778)/Joseph Bourdillon (1694-1778)/Josias Rossette (1694-1778)/Kaiserling (1694-1778)/L'abbé Bazin (1694-1778)/La Lindelle (1694-1778)/Lantin (1694-1778)/L' Auteur de l'Histoire de Charles XII (1694-1778)/L' Auteur du Compère Matthieu (1694-1778)/L' Auteur du Siècle de Louis XIV (1694-1778)/La Visclède (1694-1778)/Le docteur Ralph (1694-1778)/Le P. L'Escarbotier (1694-1778)/Mamaki (1694-1778)/M de V *** (1694-1778)/M. de V ... (1694-1778)/Monsieur Formey (auteur prétendu, 1694-1778)/Saint-Didier (1694-1778)/Saint-Hiacinte (1694-1778)/Saint-Hyacinte (1694-1778)/Sherloc (1694-1778)/Thomson (1694-1778)/Un Proposant (1694-1778)/Volter (1694-1778)/Wolter (1694-1778)|{http://data.bnf.fr/ark:/12148/cb11928669t}|{http://commons.wikimedia.org/wiki/Special:FilePath/D'après_Maurice_Quentin_de_La_Tour,_Portrait_de_Voltaire,_détail_du_visage_(château_de_Ferney).jpg?width=300,http://gallica.bnf.fr/ark:/12148/bpt6k109038q.thumbnail,http://gallica.bnf.fr/ark:/12148/bpt6k109126x.thumbnail,http://gallica.bnf.fr/ark:/12148/bpt6k125583g.thumbnail,http://gallica.bnf.fr/ark:/12148/bpt6k204354n.thumbnail,http://gallica.bnf.fr/ark:/12148/bpt6k2045595.thumbnail,http://gallica.bnf.fr/ark:/12148/bpt6k204617b.thumbnail,http://gallica.bnf.fr/ark:/12148/bpt6k204618q.thumbnail,http://gallica.bnf.fr/ark:/12148/bpt6k2050663.thumbnail,http://gallica.bnf.fr/ark:/12148/bpt6k205088j.thumbnail,http://gallica.bnf.fr/ark:/12148/bpt6k2055624.thumbnail,http://gallica.bnf.fr/ark:/12148/bpt6k2067791.thumbnail,http://gallica.bnf.fr/ark:/12148/bpt6k208002b.thumbnail,http://gallica.bnf.fr/ark:/12148/bpt6k208003q.thumbnail,http://gallica.bnf.fr/ark:/12148/bpt6k2080043.thumbnail,http://gallica.bnf.fr/ark:/12148/bpt6k208005g.thumbnail,http://gallica.bnf.fr/ark:/12148/bpt6k208006v.thumbnail,http://gallica.bnf.fr/ark:/12148/bpt6k2080077.thumbnail,http://gallica.bnf.fr/ark:/12148/bpt6k208008m.thumbnail,http://gallica.bnf.fr/ark:/12148/bpt6k2080090.thumbnail,http://gallica.bnf.fr/ark:/12148/bpt6k210024t.thumbnail,http://gallica.bnf.fr/ark:/12148/bpt6k213784w.thumbnail,http://gallica.bnf.fr/ark:/12148/bpt6k399843.thumbnail,http://gallica.bnf.fr/ark:/12148/bpt6k509981.thumbnail,http://gallica.bnf.fr/ark:/12148/bpt6k54283001.thumbnail,http://gallica.bnf.fr/ark:/12148/bpt6k54283268.thumbnail,http://gallica.bnf.fr/ark:/12148/bpt6k5445617z.thumbnail,http://gallica.bnf.fr/ark:/12148/bpt6k5454871d.thumbnail,http://gallica.bnf.fr/ark:/12148/bpt6k54699119.thumbnail,http://gallica.bnf.fr/ark:/12148/bpt6k62147790.thumbnail,http://gallica.bnf.fr/ark:/12148/bpt6k6215976r.thumbnail,http://gallica.bnf.fr/ark:/12148/bpt6k63506575.thumbnail,http://gallica.bnf.fr/ark:/12148/bpt6k6350811v.thumbnail,http://gallica.bnf.fr/ark:/12148/bpt6k6350857v.thumbnail,http://gallica.bnf.fr/ark:/12148/bpt6k6350898s.thumbnail,http://gallica.bnf.fr/ark:/12148/bpt6k6352315d.thumbnail,http://gallica.bnf.fr/ark:/12148/bpt6k63535444.thumbnail,http://gallica.bnf.fr/ark:/12148/bpt6k6353561n.thumbnail,http://gallica.bnf.fr/ark:/12148/bpt6k6354964k.thumbnail,http://gallica.bnf.fr/ark:/12148/bpt6k63734643.thumbnail,http://gallica.bnf.fr/ark:/12148/bpt6k6443811r.thumbnail,http://gallica.bnf.fr/ark:/12148/bpt6k6451940g.thumbnail,http://gallica.bnf.fr/ark:/12148/bpt6k6456683r.thumbnail,http://gallica.bnf.fr/ark:/12148/bpt6k64573067.thumbnail,http://gallica.bnf.fr/ark:/12148/bpt6k6460987v.thumbnail,http://gallica.bnf.fr/ark:/12148/bpt6k6460991r.thumbnail,http://gallica.bnf.fr/ark:/12148/bpt6k6461433w.thumbnail,http://gallica.bnf.fr/ark:/12148/bpt6k6464007z.thumbnail,http://gallica.bnf.fr/ark:/12148/bpt6k6471340z.thumbnail,http://gallica.bnf.fr/ark:/12148/bpt6k6510134t.thumbnail,http://gallica.bnf.fr/ark:/12148/bpt6k6527829c.thumbnail,http://gallica.bnf.fr/ark:/12148/bpt6k6538375g.thumbnail,http://gallica.bnf.fr/ark:/12148/bpt6k714760.thumbnail,http://gallica.bnf.fr/ark:/12148/bpt6k71484m.thumbnail,http://gallica.bnf.fr/ark:/12148/bpt6k75628n.thumbnail,http://gallica.bnf.fr/ark:/12148/bpt6k75632w.thumbnail,http://gallica.bnf.fr/ark:/12148/bpt6k864245.thumbnail,http://gallica.bnf.fr/ark:/12148/bpt6k86428j.thumbnail,http://gallica.bnf.fr/ark:/12148/bpt6k864303.thumbnail,http://gallica.bnf.fr/ark:/12148/bpt6k86435t.thumbnail,http://gallica.bnf.fr/ark:/12148/bpt6k864365.thumbnail,http://gallica.bnf.fr/ark:/12148/bpt6k864396.thumbnail,http://gallica.bnf.fr/ark:/12148/bpt6k86440d.thumbnail,http://gallica.bnf.fr/ark:/12148/bpt6k864423.thumbnail,http://gallica.bnf.fr/ark:/12148/bpt6k86444s.thumbnail,http://gallica.bnf.fr/ark:/12148/bpt6k864454.thumbnail,http://gallica.bnf.fr/ark:/12148/bpt6k86453r.thumbnail,http://gallica.bnf.fr/ark:/12148/bpt6k86456s.thumbnail,http://gallica.bnf.fr/ark:/12148/bpt6k864574.thumbnail,http://gallica.bnf.fr/ark:/12148/bpt6k86458g.thumbnail,http://gallica.bnf.fr/ark:/12148/bpt6k86459t.thumbnail,http://gallica.bnf.fr/ark:/12148/bpt6k864601.thumbnail,http://gallica.bnf.fr/ark:/12148/bpt6k86461c.thumbnail,http://gallica.bnf.fr/ark:/12148/bpt6k86462q.thumbnail,http://gallica.bnf.fr/ark:/12148/bpt6k86467f.thumbnail,http://gallica.bnf.fr/ark:/12148/btv1b52500096r.thumbnail,http://gallica.bnf.fr/ark:/12148/btv1b55004504r.thumbnail,http://gallica.bnf.fr/ark:/12148/btv1b6409551g.thumbnail,http://gallica.bnf.fr/ark:/12148/btv1b6943159v.thumbnail,http://gallica.bnf.fr/ark:/12148/btv1b6943160h.thumbnail,http://gallica.bnf.fr/ark:/12148/btv1b69449966.thumbnail,http://gallica.bnf.fr/ark:/12148/btv1b6946864h.thumbnail,http://gallica.bnf.fr/ark:/12148/btv1b6946865x.thumbnail,http://gallica.bnf.fr/ark:/12148/btv1b6947903g.thumbnail,http://gallica.bnf.fr/ark:/12148/btv1b6947904w.thumbnail,http://gallica.bnf.fr/ark:/12148/btv1b69479059.thumbnail,http://gallica.bnf.fr/ark:/12148/btv1b6947906q.thumbnail,http://gallica.bnf.fr/ark:/12148/btv1b69479074.thumbnail,http://gallica.bnf.fr/ark:/12148/btv1b6947908j.thumbnail,http://gallica.bnf.fr/ark:/12148/btv1b6947909z.thumbnail,http://gallica.bnf.fr/ark:/12148/btv1b6947910m.thumbnail,http://gallica.bnf.fr/ark:/12148/btv1b69479111.thumbnail,http://gallica.bnf.fr/ark:/12148/btv1b6947912f.thumbnail,http://gallica.bnf.fr/ark:/12148/btv1b6947913v.thumbnail,http://gallica.bnf.fr/ark:/12148/btv1b69479148.thumbnail,http://gallica.bnf.fr/ark:/12148/btv1b6947915p.thumbnail,http://gallica.bnf.fr/ark:/12148/btv1b69479163.thumbnail,http://gallica.bnf.fr/ark:/12148/btv1b6947917h.thumbnail,http://gallica.bnf.fr/ark:/12148/btv1b6947918x.thumbnail,http://gallica.bnf.fr/ark:/12148/btv1b6947919b.thumbnail,http://gallica.bnf.fr/ark:/12148/btv1b69479200.thumbnail,http://gallica.bnf.fr/ark:/12148/btv1b6947921d.thumbnail,http://gallica.bnf.fr/ark:/12148/btv1b6947922t.thumbnail,http://gallica.bnf.fr/ark:/12148/btv1b69479237.thumbnail,http://gallica.bnf.fr/ark:/12148/btv1b6947924n.thumbnail,http://gallica.bnf.fr/ark:/12148/btv1b69479252.thumbnail,http://gallica.bnf.fr/ark:/12148/btv1b6947926g.thumbnail,http://gallica.bnf.fr/ark:/12148/btv1b6947927w.thumbnail,http://gallica.bnf.fr/ark:/12148/btv1b6947929q.thumbnail,http://gallica.bnf.fr/ark:/12148/btv1b6947930c.thumbnail,http://gallica.bnf.fr/ark:/12148/btv1b6947931s.thumbnail,http://gallica.bnf.fr/ark:/12148/btv1b69479326.thumbnail,http://gallica.bnf.fr/ark:/12148/btv1b6947933m.thumbnail,http://gallica.bnf.fr/ark:/12148/btv1b69479341.thumbnail,http://gallica.bnf.fr/ark:/12148/btv1b6947935f.thumbnail,http://gallica.bnf.fr/ark:/12148/btv1b6947936v.thumbnail,http://gallica.bnf.fr/ark:/12148/btv1b69479378.thumbnail,http://gallica.bnf.fr/ark:/12148/btv1b6947938p.thumbnail,http://gallica.bnf.fr/ark:/12148/btv1b69479393.thumbnail,http://gallica.bnf.fr/ark:/12148/btv1b6947940r.thumbnail,http://gallica.bnf.fr/ark:/12148/btv1b69479415.thumbnail,http://gallica.bnf.fr/ark:/12148/btv1b6947942k.thumbnail,http://gallica.bnf.fr/ark:/12148/btv1b69479430.thumbnail,http://gallica.bnf.fr/ark:/12148/btv1b6947944d.thumbnail,http://gallica.bnf.fr/ark:/12148/btv1b6947945t.thumbnail,http://gallica.bnf.fr/ark:/12148/btv1b69479467.thumbnail,http://gallica.bnf.fr/ark:/12148/btv1b6947947n.thumbnail,http://gallica.bnf.fr/ark:/12148/btv1b69479482.thumbnail,http://gallica.bnf.fr/ark:/12148/btv1b6947949g.thumbnail,http://gallica.bnf.fr/ark:/12148/btv1b69479504.thumbnail,http://gallica.bnf.fr/ark:/12148/btv1b6947951j.thumbnail,http://gallica.bnf.fr/ark:/12148/btv1b6947952z.thumbnail,http://gallica.bnf.fr/ark:/12148/btv1b6947953c.thumbnail,http://gallica.bnf.fr/ark:/12148/btv1b6947954s.thumbnail,http://gallica.bnf.fr/ark:/12148/btv1b69479556.thumbnail,http://gallica.bnf.fr/ark:/12148/btv1b6947956m.thumbnail,http://gallica.bnf.fr/ark:/12148/btv1b69479571.thumbnail,http://gallica.bnf.fr/ark:/12148/btv1b6947958f.thumbnail,http://gallica.bnf.fr/ark:/12148/btv1b6947961x.thumbnail,http://gallica.bnf.fr/ark:/12148/btv1b6947962b.thumbnail,http://gallica.bnf.fr/ark:/12148/btv1b6947963r.thumbnail,http://gallica.bnf.fr/ark:/12148/btv1b69479645.thumbnail,http://gallica.bnf.fr/ark:/12148/btv1b6947965k.thumbnail,http://gallica.bnf.fr/ark:/12148/btv1b69479660.thumbnail,http://gallica.bnf.fr/ark:/12148/btv1b6947967d.thumbnail,http://gallica.bnf.fr/ark:/12148/btv1b6947968t.thumbnail,http://gallica.bnf.fr/ark:/12148/btv1b69479697.thumbnail,http://gallica.bnf.fr/ark:/12148/btv1b6947970w.thumbnail,http://gallica.bnf.fr/ark:/12148/btv1b69479719.thumbnail,http://gallica.bnf.fr/ark:/12148/btv1b6947972q.thumbnail,http://gallica.bnf.fr/ark:/12148/btv1b69479734.thumbnail,http://gallica.bnf.fr/ark:/12148/btv1b6947974j.thumbnail,http://gallica.bnf.fr/ark:/12148/btv1b69479786.thumbnail,http://gallica.bnf.fr/ark:/12148/btv1b6947979m.thumbnail,http://gallica.bnf.fr/ark:/12148/btv1b69479808.thumbnail,http://gallica.bnf.fr/ark:/12148/btv1b6947981p.thumbnail,http://gallica.bnf.fr/ark:/12148/btv1b69479823.thumbnail,http://gallica.bnf.fr/ark:/12148/btv1b6947983h.thumbnail,http://gallica.bnf.fr/ark:/12148/btv1b6947984x.thumbnail,http://gallica.bnf.fr/ark:/12148/btv1b6947985b.thumbnail,http://gallica.bnf.fr/ark:/12148/btv1b6947986r.thumbnail,http://gallica.bnf.fr/ark:/12148/btv1b69479875.thumbnail,http://gallica.bnf.fr/ark:/12148/btv1b6947988k.thumbnail,http://gallica.bnf.fr/ark:/12148/btv1b69479890.thumbnail,http://gallica.bnf.fr/ark:/12148/btv1b6947990n.thumbnail,http://gallica.bnf.fr/ark:/12148/btv1b69479912.thumbnail,http://gallica.bnf.fr/ark:/12148/btv1b6947992g.thumbnail,http://gallica.bnf.fr/ark:/12148/btv1b6947993w.thumbnail,http://gallica.bnf.fr/ark:/12148/btv1b69479949.thumbnail,http://gallica.bnf.fr/ark:/12148/btv1b6947995q.thumbnail,http://gallica.bnf.fr/ark:/12148/btv1b69479964.thumbnail,http://gallica.bnf.fr/ark:/12148/btv1b6947997j.thumbnail,http://gallica.bnf.fr/ark:/12148/btv1b6947998z.thumbnail,http://gallica.bnf.fr/ark:/12148/btv1b6947999c.thumbnail,http://gallica.bnf.fr/ark:/12148/btv1b6948000f.thumbnail,http://gallica.bnf.fr/ark:/12148/btv1b6948001v.thumbnail,http://gallica.bnf.fr/ark:/12148/btv1b69480028.thumbnail,http://gallica.bnf.fr/ark:/12148/btv1b6948003p.thumbnail,http://gallica.bnf.fr/ark:/12148/btv1b69480043.thumbnail,http://gallica.bnf.fr/ark:/12148/btv1b6948005h.thumbnail,http://gallica.bnf.fr/ark:/12148/btv1b6948006x.thumbnail,http://gallica.bnf.fr/ark:/12148/btv1b6948007b.thumbnail,http://gallica.bnf.fr/ark:/12148/btv1b6948008r.thumbnail,http://gallica.bnf.fr/ark:/12148/btv1b69480095.thumbnail,http://gallica.bnf.fr/ark:/12148/btv1b69480117.thumbnail,http://gallica.bnf.fr/ark:/12148/btv1b6948012n.thumbnail,http://gallica.bnf.fr/ark:/12148/btv1b69480132.thumbnail,http://gallica.bnf.fr/ark:/12148/btv1b6948014g.thumbnail,http://gallica.bnf.fr/ark:/12148/btv1b6948015w.thumbnail,http://gallica.bnf.fr/ark:/12148/btv1b69480169.thumbnail,http://gallica.bnf.fr/ark:/12148/btv1b6948017q.thumbnail,http://gallica.bnf.fr/ark:/12148/btv1b69480184.thumbnail,http://gallica.bnf.fr/ark:/12148/btv1b6948019j.thumbnail,http://gallica.bnf.fr/ark:/12148/btv1b69480206.thumbnail,http://gallica.bnf.fr/ark:/12148/btv1b69480221.thumbnail,http://gallica.bnf.fr/ark:/12148/btv1b69481476.thumbnail,http://gallica.bnf.fr/ark:/12148/btv1b6949802b.thumbnail,http://gallica.bnf.fr/ark:/12148/btv1b6950540g.thumbnail,http://gallica.bnf.fr/ark:/12148/btv1b8409677g.thumbnail,http://gallica.bnf.fr/ark:/12148/btv1b8409678w.thumbnail,http://gallica.bnf.fr/ark:/12148/btv1b84098330.thumbnail,http://gallica.bnf.fr/ark:/12148/btv1b8409853r.thumbnail,http://gallica.bnf.fr/ark:/12148/btv1b84098545.thumbnail,http://gallica.bnf.fr/ark:/12148/btv1b8409975p.thumbnail,http://gallica.bnf.fr/ark:/12148/btv1b8409995f.thumbnail,http://gallica.bnf.fr/ark:/12148/btv1b8410060m.thumbnail,http://gallica.bnf.fr/ark:/12148/btv1b8410067h.thumbnail,http://gallica.bnf.fr/ark:/12148/btv1b8410068x.thumbnail,http://gallica.bnf.fr/ark:/12148/btv1b8410069b.thumbnail,http://gallica.bnf.fr/ark:/12148/btv1b84100700.thumbnail,http://gallica.bnf.fr/ark:/12148/btv1b8410071d.thumbnail,http://gallica.bnf.fr/ark:/12148/btv1b8410072t.thumbnail,http://gallica.bnf.fr/ark:/12148/btv1b84100737.thumbnail,http://gallica.bnf.fr/ark:/12148/btv1b84100752.thumbnail,http://gallica.bnf.fr/ark:/12148/btv1b8410076g.thumbnail,http://gallica.bnf.fr/ark:/12148/btv1b8410077w.thumbnail,http://gallica.bnf.fr/ark:/12148/btv1b84100789.thumbnail,http://gallica.bnf.fr/ark:/12148/btv1b8410079q.thumbnail,http://gallica.bnf.fr/ark:/12148/btv1b8410080c.thumbnail,http://gallica.bnf.fr/ark:/12148/btv1b8410081s.thumbnail,http://gallica.bnf.fr/ark:/12148/btv1b84100826.thumbnail,http://gallica.bnf.fr/ark:/12148/btv1b8410083m.thumbnail,http://gallica.bnf.fr/ark:/12148/btv1b84100841.thumbnail,http://gallica.bnf.fr/ark:/12148/btv1b8410085f.thumbnail,http://gallica.bnf.fr/ark:/12148/btv1b8410086v.thumbnail,http://gallica.bnf.fr/ark:/12148/btv1b84100878.thumbnail,http://gallica.bnf.fr/ark:/12148/btv1b8410088p.thumbnail,http://gallica.bnf.fr/ark:/12148/btv1b84100893.thumbnail,http://gallica.bnf.fr/ark:/12148/btv1b8410090r.thumbnail,http://gallica.bnf.fr/ark:/12148/btv1b84100915.thumbnail,http://gallica.bnf.fr/ark:/12148/btv1b8410092k.thumbnail,http://gallica.bnf.fr/ark:/12148/btv1b84100930.thumbnail,http://gallica.bnf.fr/ark:/12148/btv1b8410094d.thumbnail,http://gallica.bnf.fr/ark:/12148/btv1b8410095t.thumbnail,http://gallica.bnf.fr/ark:/12148/btv1b84100967.thumbnail,http://gallica.bnf.fr/ark:/12148/btv1b8410097n.thumbnail,http://gallica.bnf.fr/ark:/12148/btv1b84100982.thumbnail,http://gallica.bnf.fr/ark:/12148/btv1b8410099g.thumbnail,http://gallica.bnf.fr/ark:/12148/btv1b8410100p.thumbnail,http://gallica.bnf.fr/ark:/12148/btv1b84101013.thumbnail,http://gallica.bnf.fr/ark:/12148/btv1b8410102h.thumbnail,http://gallica.bnf.fr/ark:/12148/btv1b8411201r.thumbnail,http://gallica.bnf.fr/ark:/12148/btv1b84112114.thumbnail,http://gallica.bnf.fr/ark:/12148/btv1b8411228d.thumbnail,http://gallica.bnf.fr/ark:/12148/btv1b84113295.thumbnail,http://gallica.bnf.fr/ark:/12148/btv1b8411330t.thumbnail,http://gallica.bnf.fr/ark:/12148/btv1b8411396k.thumbnail,http://gallica.bnf.fr/ark:/12148/btv1b84113970.thumbnail,http://gallica.bnf.fr/ark:/12148/btv1b8411398d.thumbnail,http://gallica.bnf.fr/ark:/12148/btv1b8411399t.thumbnail,http://gallica.bnf.fr/ark:/12148/btv1b84114001.thumbnail,http://gallica.bnf.fr/ark:/12148/btv1b8411401f.thumbnail,http://gallica.bnf.fr/ark:/12148/btv1b8411402v.thumbnail,http://gallica.bnf.fr/ark:/12148/btv1b84114038.thumbnail,http://gallica.bnf.fr/ark:/12148/btv1b8411404p.thumbnail,http://gallica.bnf.fr/ark:/12148/btv1b84114053.thumbnail,http://gallica.bnf.fr/ark:/12148/btv1b8411406h.thumbnail,http://gallica.bnf.fr/ark:/12148/btv1b8411409r.thumbnail,http://gallica.bnf.fr/ark:/12148/btv1b8411425v.thumbnail,http://gallica.bnf.fr/ark:/12148/btv1b8411439w.thumbnail,http://gallica.bnf.fr/ark:/12148/btv1b84121699.thumbnail,http://gallica.bnf.fr/ark:/12148/btv1b8425651j.thumbnail,http://gallica.bnf.fr/ark:/12148/btv1b8425652z.thumbnail,http://gallica.bnf.fr/ark:/12148/btv1b8425653c.thumbnail,http://gallica.bnf.fr/ark:/12148/btv1b8425654s.thumbnail,http://gallica.bnf.fr/ark:/12148/btv1b84256556.thumbnail,http://gallica.bnf.fr/ark:/12148/btv1b8426725q.thumbnail,http://gallica.bnf.fr/ark:/12148/btv1b8427280h.thumbnail,http://gallica.bnf.fr/ark:/12148/btv1b84374258.thumbnail,http://gallica.bnf.fr/ark:/12148/btv1b84574623.thumbnail,http://gallica.bnf.fr/ark:/12148/btv1b84901249.thumbnail,http://gallica.bnf.fr/ark:/12148/btv1b9061371c.thumbnail}|M
14|||Florent Carton dit Dancourt|1661|1725|Acteur, sociétaire de la Comédie française (1685-1718). - Auteur dramatique|D' Ancourt (1661-1725)/Florent Carton (1661-1725)/Florent Carton Dancourt (1661-1725)/Florent Carton d' Ancourt (1661-1725)|{http://data.bnf.fr/ark:/12148/cb119972824}|{http://gallica.bnf.fr/ark:/12148/bpt6k5626211b.thumbnail,http://gallica.bnf.fr/ark:/12148/btv1b8530906q.thumbnail}|M
31|Joseph-François|Duché de Vancy|Duché de Vancy (Joseph-François)|1668|1704|Auteur dramatique. - Librettiste. - Membre de l'Académie des Inscriptions et Belles Lettres|Duché (auteur dramatique, 1668-1704)/Jean-François Duché de Vancy (1668-1704)/M.D., de l'Académie française (1668-1704)|{http://data.bnf.fr/ark:/12148/cb120061276}|{http://gallica.bnf.fr/ark:/12148/bpt6k117609m.thumbnail}|M
62|Jean-Baptiste|Moreau|Moreau (Jean-Baptiste)||||""|{}|{}|M
63|Jean-Baptiste-Robert ou Robert|Boistel d'Welles|Boistel d'Welles (Jean-Baptiste-Robert ou Robert)||||""|{}|{}|M
76|Jean-François Juvenon de La Tuillerie|La Tuillerie|La Tuillerie (Jean-François Juvenon de La Tuillerie, dit)||||""|{}|{}|M
77|Noël Lebreton|Hauteroche|Hauteroche (Noël Lebreton, sieur de)||||""|{}|{}|M
1|Jean-François|Regnard|Regnard (Jean-François)|1655|1709|Poète comique, auteur de récits de voyages et de comédies|M. R *** (1655-1709)/Sieur R ** (1655-1709)/Sieur R. T. D. F. (1655-1709)|{http://data.bnf.fr/ark:/12148/cb11921388k}|{http://commons.wikimedia.org/wiki/Special:FilePath/JFRegnard.jpg?width=300,http://gallica.bnf.fr/ark:/12148/bpt6k6471404f.thumbnail}|M
82|Jean-Jacques|Le Franc de Pompignan|Le Franc de Pompignan (Jean-Jacques)|1709|1784|A aussi traduit du grec et du latin en français et écrit en latin Premier président de la Cour des aides de Montauban. - Membre de l'Académie française (élu en 1759). - Poète et auteur de tragédies. - Ennemi des Encyclopédistes. - Traducteur d'Eschyle et de Virgile|I. D. B. (1709-1784)/Jean-Jacques Le Franc (1709-1784)/Jean-Jacques Lefranc (1709-1784)/Jean-Jacques Lefranc de Pompignan (1709-1784)/Jean-Jacques Le Franc Pompignan (1709-1784)/Jean-Jacques Lefranc Pompignan (1709-1784)/Johannes Jacobus Le Franc (1709-1784)/L *** (1709-1784)/Marquis de Pompignan (1709-1784)/M. L. (1709-1784)/M. L. F *** (1709-1784)/M. L. F. de P *** (1709-1784)|{http://data.bnf.fr/ark:/12148/cb12061916s}|{http://gallica.bnf.fr/ark:/12148/bpt6k102896k.thumbnail}|M
97|Théodore|de Riupeirous|Riupeirous (Théodore de)||||""|{}|{}|M
98|Antoine Houdar|de La Motte|La Motte (Antoine Houdar de)||||""|{}|{}|M
45|François-Joseph de|La Grange-Chancel|La Grange-Chancel (François-Joseph de)|1677|1758|Homme de lettres|François-Joseph de La Grange- Chancel (1677-1758)/François-Joseph de Lagrange-Chancel (1677-1758)/Joseph de La Grange-Chancel (1677-1758)/Sieur de La Grange (1677-1758)|{http://data.bnf.fr/ark:/12148/cb12086599t}|{http://gallica.bnf.fr/ark:/12148/bpt6k5426058k.thumbnail}|M
81|Germain-François Poullain de|Saint-Foix|Saint-Foix (Germain-François Poullain de)|1698|1776|Auteur dramatique|"Germain-François Poullain de Sainte-Foy (1698-1776)/L' Auteur des ""Lettres turques"" (1698-1776)/M. de Saintfoix (1698-1776)/Une Turque à Paris (1698-1776)"|{http://data.bnf.fr/ark:/12148/cb120445985}|{http://gallica.bnf.fr/ark:/12148/bpt6k55078219.thumbnail}|M
108|Jean-Baptiste Simon Sauvé de La Noue|La Noue|La Noue (Jean-Baptiste Simon Sauvé de La Noue, dit)||||""|{}|{}|M
109|||Michel Boyron||||""|{}|{}|M
111|Charles Chevillet|Champmeslé|Champmeslé (Charles Chevillet, sieur de Champmeslé, dit)||||""|{}|{}|M
49|Pierre-Claude|La Chaussée|La Chaussée (Pierre-Claude)|1692|1754|Auteur dramatique. - Membre de l'Académie française (élu en 1736)|Monsieur de La Chausse (1692-1754)/Pierre-Claude Nivelle de La Chaussée (1692-1974)|{http://data.bnf.fr/ark:/12148/cb119102536}|{http://commons.wikimedia.org/wiki/Special:FilePath/Nivelle_de_la_Chaussée.jpg?width=300,http://gallica.bnf.fr/ark:/12148/bpt6k5742897g.thumbnail}|M
20|||Destouches|1680|1754|Comédien, puis auteur dramatique. - Membre de l'Institut, Académie française (élu en 1723). - Destouches est le nom de scène de Philippe Néricault|Des Touches (1680-1754)/Néricault Destouches (1680-1754)/Philippe Néricault Destouches (1680-1754)/Philippe Néricault-Destouches (1680-1754)|{http://data.bnf.fr/ark:/12148/cb12086090b}|{http://commons.wikimedia.org/wiki/Special:FilePath/Nicolas_de_Largillière,_Portrait_de_Philippe_Néricault_Destouches_(1741).jpg?width=300,http://gallica.bnf.fr/ark:/12148/bpt6k58216107.thumbnail}|M
125|Jacques|Autreau|Autreau (Jacques)|1657|1745|Peintre, poète et auteur de comédies|Jacques Autereau (1657-1745)/Jacques Hauterot (1657-1745)/Jacques Hautreau (1657-1745)/Jacques Hoterot (1657-1745)|{http://data.bnf.fr/ark:/12148/cb11889625h}|{http://commons.wikimedia.org/wiki/Special:FilePath/Les_buveurs_de_vin.jpeg?width=300,http://gallica.bnf.fr/ark:/12148/bpt6k56500670.thumbnail}|M
18|Barthélemy-Christophe|Fagan|Fagan (Barthélemy-Christophe)|1702|1755|Auteur de comédies et de parades pour le théâtre de la Foire|Barthélemy-Christophe Fagan de Lugny (1702-1755)/Fagan (1702-1755)|{http://data.bnf.fr/ark:/12148/cb12127833w}|{http://gallica.bnf.fr/ark:/12148/bpt6k56750354.thumbnail}|M
155|Antoine de Fériol|Pont-de-Veyle|Pont-de-Veyle (Antoine de Fériol, comte de)||||""|{}|{}|M
135|Louis de|Cahusac|Cahusac (Louis de)|1706|1759|Auteur dramatique. - Membre de l'Académie de Berlin|Jean-Louis de Cahuzac (1706-1759)/Louis de Cahuzac (1706-1759)/Monsieur de C:***:+étoiles 03+ (1706-1759)/Quelqu'un qui n'est ni d'un coin ni de l'autre (1706-1759)|{http://data.bnf.fr/ark:/12148/cb11990784h}|{http://commons.wikimedia.org/wiki/Special:FilePath/Cahusac_-_Traité_-_tom_1_(titre).jpg?width=300,http://gallica.bnf.fr/ark:/12148/btv1b525030903.thumbnail}|M
157|Jean|de Palaprat|Palaprat (Jean de)||||""|{}|{}|M
159|Michel|Guyot de Merville|Guyot de Merville (Michel)|1676|1755|"Homme de lettres. - Voyagea en Europe, se fixa un temps  à La Haye, où il publia le périodique ""Histoire littéraire de l'Europe"". - Polémiqua avec Voltaire. - Fit jouer du théâtre à la Comédie française et au Théâtre italien"|Michel Guyot de Merveille (1696-1755)|{http://data.bnf.fr/ark:/12148/cb12463273v}|{http://gallica.bnf.fr/ark:/12148/bpt6k58122364.thumbnail}|M
165|Jacques du|Vaure|Vaure (Jacques du)||||""|{}|{}|M
166|Thomas|arrangée et versifiée par Corneille|arrangée et versifiée par Corneille (Thomas)||||""|{}|{}|M
110|Jean de|La Fontaine|La Fontaine (Jean de)|1621|1695|Poète, fabuliste, conteur et auteur dramatique. - Maître des Eaux-et-forêts. - Membre de l'Académie française (élu en 1684)|Jean de Lafontaine (1621-1695)/La Fontaine (1621-1695)|{http://data.bnf.fr/ark:/12148/cb11910267w}|{http://commons.wikimedia.org/wiki/Special:FilePath/Jean_de_La_Fontaine.PNG?width=300,http://gallica.bnf.fr/ark:/12148/bpt6k1077356.thumbnail,http://gallica.bnf.fr/ark:/12148/bpt6k2023577.thumbnail,http://gallica.bnf.fr/ark:/12148/bpt6k204552h.thumbnail,http://gallica.bnf.fr/ark:/12148/bpt6k2052236.thumbnail,http://gallica.bnf.fr/ark:/12148/bpt6k205482h.thumbnail,http://gallica.bnf.fr/ark:/12148/bpt6k229200z.thumbnail,http://gallica.bnf.fr/ark:/12148/bpt6k229201b.thumbnail,http://gallica.bnf.fr/ark:/12148/bpt6k5440349b.thumbnail,http://gallica.bnf.fr/ark:/12148/bpt6k5720905d.thumbnail,http://gallica.bnf.fr/ark:/12148/bpt6k5723962c.thumbnail,http://gallica.bnf.fr/ark:/12148/bpt6k6479982v.thumbnail,http://gallica.bnf.fr/ark:/12148/bpt6k6549282v.thumbnail,http://gallica.bnf.fr/ark:/12148/btv1b10509065v.thumbnail,http://gallica.bnf.fr/ark:/12148/btv1b53074284m.thumbnail,http://gallica.bnf.fr/ark:/12148/btv1b53074287z.thumbnail,http://gallica.bnf.fr/ark:/12148/btv1b53074288d.thumbnail,http://gallica.bnf.fr/ark:/12148/btv1b530866181.thumbnail,http://gallica.bnf.fr/ark:/12148/btv1b53086642k.thumbnail,http://gallica.bnf.fr/ark:/12148/btv1b8407063r.thumbnail,http://gallica.bnf.fr/ark:/12148/btv1b84070645.thumbnail,http://gallica.bnf.fr/ark:/12148/btv1b8407065k.thumbnail}|M
177||Alliot|Alliot||||""|{}|{}|M
178|Simon-Joseph|Pellegrin|Pellegrin (Simon-Joseph)|1663|1745|"Poète et auteur dramatique. - Rédacteur de la critique littéraire dans le ""Mercure de France"""|Abbé Pellegrin (1663-1745)/M *** (1663-1745)|{http://data.bnf.fr/ark:/12148/cb120041460}|{http://gallica.bnf.fr/ark:/12148/bpt6k54554891.thumbnail}|M
118|Louis de|Boissy|Boissy (Louis de)|1694|1758|Poète et auteur dramatique. - Directeur de la Gazette de France puis du Mercure. - Membre de l'Académie française (élu en 1754)|De Boussy (1694-1758)/Simien (1694-1758)|{http://data.bnf.fr/ark:/12148/cb120616922}|{http://commons.wikimedia.org/wiki/Special:FilePath/Louis_De_Boissy.png?width=300,http://gallica.bnf.fr/ark:/12148/bpt6k55455863.thumbnail}|M
307|Pierre-Charles-Fabiot|Aunillon|Aunillon (Pierre-Charles-Fabiot)|1685|1760|Abbé du Guay de l'Aunay. - Littérateur. - Fut grand vicaire d'Évreux|Chevalier de Doué (1685-1760)/L.-C. Doué (1685-1760)/Pierre-Charles-Fabiot Aunillon de La Barre (1685-1760)/Pierre-Charles-Fabiot Aunillon Delaunay Du Gué (1685-1760)/Pierre-Charles-Fabiot Aunillon Delaunay du Gué (1685-1760)|{http://data.bnf.fr/ark:/12148/cb12562028d}|{http://gallica.bnf.fr/ark:/12148/btv1b85406029.thumbnail,http://gallica.bnf.fr/ark:/12148/btv1b8540603q.thumbnail}|M
51|Pierre de|Marivaux|Marivaux (Pierre de)|1688|1763|Auteur dramatique et romancier. - Membre de l'Académie française (1743)|M ** (1688-1763)/M. D *** (1688-1763)/M. de M ... (1688-1763)/Pierre Carlet de Chamblain de Marivaux (1688-1763)|{http://data.bnf.fr/ark:/12148/cb119146220}|{http://commons.wikimedia.org/wiki/Special:FilePath/Marivaux.jpeg?width=300,http://gallica.bnf.fr/ark:/12148/bpt6k2065344.thumbnail,http://gallica.bnf.fr/ark:/12148/bpt6k206535h.thumbnail,http://gallica.bnf.fr/ark:/12148/bpt6k25796c.thumbnail,http://gallica.bnf.fr/ark:/12148/bpt6k298444w.thumbnail,http://gallica.bnf.fr/ark:/12148/bpt6k5488208n.thumbnail,http://gallica.bnf.fr/ark:/12148/bpt6k56539159.thumbnail,http://gallica.bnf.fr/ark:/12148/btv1b105090612.thumbnail,http://gallica.bnf.fr/ark:/12148/btv1b8409631g.thumbnail,http://gallica.bnf.fr/ark:/12148/btv1b8409632w.thumbnail,http://gallica.bnf.fr/ark:/12148/btv1b8422270k.thumbnail,http://gallica.bnf.fr/ark:/12148/btv1b84222710.thumbnail}|M
182|Nicolas|Boindin|Boindin (Nicolas) ; La Motte (Antoine Houdar de)|1672|1731|Auteur dramatique. - Poète. - Membre de l'Académie française (élu en 1710)|Antoine de Lamothe-Houdart (1672-1731)/Antoine de Lamotte-Houdard (1672-1731)/Antoine de La Motte-Houdart (1672-1731)/Antoine de Lamotte-Houdart (1672-1731)/Antoine Houdard de la Motte (1672-1731)/Antoine Houdar de La Mothe (1672-1731)/Antoine Houdar de Lamotte (1672-1731)/Antoine Houdart de La Mothe (1672-1731)/Antoine Houdart de La Motte (1672-1731)/La Mothe (1672-1731)/M*** (1672-1731)/M.D*** (1672-1731)|{http://data.bnf.fr/ark:/12148/cb119994527,http://data.bnf.fr/ark:/12148/cb12170957h}|{http://commons.wikimedia.org/wiki/Special:FilePath/Houdar_de_La_Motte.jpg?width=300,http://gallica.bnf.fr/ark:/12148/bpt6k108223t.thumbnail,http://gallica.bnf.fr/ark:/12148/bpt6k1087343.thumbnail,http://gallica.bnf.fr/ark:/12148/btv1b8421195r.thumbnail}|M
223|Antoine de|La Fosse|La Fosse (Antoine de)|1653|1708|A aussi écrit en italien et traduit du latin et du grec en français Auteur tragique et poète. - Membre de l'Académie des Apétistes. - Sieur d'Aubigny|Antoine de Lafosse (1653-1708)/Antoine de la Fosse (1653-1708)/Antoine de La Fosse d'Aubigny (1653-1708)|{http://data.bnf.fr/ark:/12148/cb124281195}|{http://gallica.bnf.fr/ark:/12148/bpt6k65487272.thumbnail}|M
224|Gilles de|Caux de Montlebert|Caux de Montlebert (Gilles de)|1682|1733|Auteur dramatique|Gilles de Caux (1682?-1733)|{http://data.bnf.fr/ark:/12148/cb106587828}|{http://gallica.bnf.fr/ark:/12148/bpt6k54693540.thumbnail}|M
225|Hilaire-Bernard de|Longepierre|Longepierre (Hilaire-Bernard de)|1659|1731|A aussi traduit du grec ancien en français Auteur dramatique. - Traducteur d'Anacréon et de Sapho, de Bion et de Moschus. - Secrétaire des commandements du duc de Berri|Hilaire-Bernard Requeleyne de Longepierre (1659-1731)/Hilaire-Bernard Requeleyne Longepierre (baron de, 1659-1731)|{http://data.bnf.fr/ark:/12148/cb12621593b}|{http://gallica.bnf.fr/ark:/12148/bpt6k57670h.thumbnail}|M
227|Pierre de|Morand|Morand (Pierre de)|1701|1757|"Poète et auteur dramatique. - Avocat au parlement d'Aix, puis de Paris. - Correspondant à Paris du ""Journal encyclopédique"" pendant l'année 1756"|M. de Morand (1701-1757)/M. M *** (1701-1757)/Morand (1701-1757)|{http://data.bnf.fr/ark:/12148/cb15070578m}|{http://gallica.bnf.fr/ark:/12148/bpt6k5462126t.thumbnail}|M
197|Louis|Fuzelier|Fuzelier (Louis)|1672|1752|"Librettiste et auteur dramatique. - Journaliste. - Privilège du ""Mercure de France""avec Dufrény et La Roque du 3 juillet 1721 (-octobre 1724), puis avec La Bruère du 31 octobre 1744 (- 1752)"|Louis Fuselier (1672?-1752)/Louis Fusellier (1672?-1752)/Louis Fusillier (1672?-1752)/Louis Fuzellier (1672?-1752)/Mr de La Cléde (auteur prétendu)|{http://data.bnf.fr/ark:/12148/cb11997130m}|{http://gallica.bnf.fr/ark:/12148/btv1b530544890.thumbnail}|M
114|Antoine|Bret|Bret (Antoine) ; Godard d'Aucour (Claude) ; Villaret (Claude)|1715|1766|Acteur, écrivain. Premier commis de la Cour des comptes|B *** (1717-1792)/B **** (1717-1792)/D *** (1715?-1766)/M.D.*** (1715?-1766)|{http://data.bnf.fr/ark:/12148/cb120444637,http://data.bnf.fr/ark:/12148/cb12051163w}|{http://gallica.bnf.fr/ark:/12148/bpt6k6291553b.thumbnail,http://gallica.bnf.fr/ark:/12148/btv1b8595068x.thumbnail}|M
71|Pierre|Corneille|Corneille (Pierre)|1606|1684|Auteur dramatique et poète sacré. - Membre de l'Institut, Académie française (élu en 1647). - Avocat. - Frère de : Corneille, Thomas (1625-1709), auteur dramatique|""|{http://data.bnf.fr/ark:/12148/cb11897704j}|{http://commons.wikimedia.org/wiki/Special:FilePath/Pierre_Corneille_2.jpg?width=300,http://gallica.bnf.fr/ark:/12148/bpt6k205029v.thumbnail,http://gallica.bnf.fr/ark:/12148/bpt6k213592v.thumbnail,http://gallica.bnf.fr/ark:/12148/bpt6k234188.thumbnail,http://gallica.bnf.fr/ark:/12148/bpt6k23419m.thumbnail,http://gallica.bnf.fr/ark:/12148/bpt6k27798j.thumbnail,http://gallica.bnf.fr/ark:/12148/bpt6k50633m.thumbnail,http://gallica.bnf.fr/ark:/12148/bpt6k58390773.thumbnail,http://gallica.bnf.fr/ark:/12148/bpt6k62992n.thumbnail,http://gallica.bnf.fr/ark:/12148/bpt6k6369353j.thumbnail,http://gallica.bnf.fr/ark:/12148/bpt6k6422114q.thumbnail,http://gallica.bnf.fr/ark:/12148/bpt6k64518241.thumbnail,http://gallica.bnf.fr/ark:/12148/bpt6k64871924.thumbnail,http://gallica.bnf.fr/ark:/12148/bpt6k6507341j.thumbnail,http://gallica.bnf.fr/ark:/12148/bpt6k65379846.thumbnail,http://gallica.bnf.fr/ark:/12148/bpt6k6585061v.thumbnail,http://gallica.bnf.fr/ark:/12148/bpt6k9386256.thumbnail,http://gallica.bnf.fr/ark:/12148/btv1b10507550d.thumbnail,http://gallica.bnf.fr/ark:/12148/btv1b10508183t.thumbnail,http://gallica.bnf.fr/ark:/12148/btv1b10509071g.thumbnail,http://gallica.bnf.fr/ark:/12148/btv1b105090758.thumbnail,http://gallica.bnf.fr/ark:/12148/btv1b530863304.thumbnail,http://gallica.bnf.fr/ark:/12148/btv1b6948012n.thumbnail,http://gallica.bnf.fr/ark:/12148/btv1b69480221.thumbnail,http://gallica.bnf.fr/ark:/12148/btv1b84064328.thumbnail,http://gallica.bnf.fr/ark:/12148/btv1b8406433p.thumbnail,http://gallica.bnf.fr/ark:/12148/btv1b84064343.thumbnail,http://gallica.bnf.fr/ark:/12148/btv1b8427278f.thumbnail,http://gallica.bnf.fr/ark:/12148/btv1b8457579q.thumbnail}|M
239|Pierre|Du Ryer|Du Ryer (Pierre)|1605|1658|A aussi traduit du latin et du grec ancien en français Auteur dramatique. - Historiographe de France. - Membre de l'Institut, Académie française (élu en 1646), de préférence à Pierre Corneille (1606-1684). - Fils de : Du Ryer, Isaac (1568?-1635)|Pierre Du Rier (1605-1658)/Pierre du Ryer (1605-1658)|{http://data.bnf.fr/ark:/12148/cb119007343}|{http://gallica.bnf.fr/ark:/12148/bpt6k71839w.thumbnail}|M
79|Alain-René|Lesage|Lesage (Alain-René)|1668|1747|Auteur dramatique. - Romancier|Alain-René Le Sage (1668-1747)/Le S ** (1668-1747)/L. S. (1668-1747)|{http://data.bnf.fr/ark:/12148/cb11912638w}|{http://commons.wikimedia.org/wiki/Special:FilePath/Alain-René_Lesage.png?width=300,http://gallica.bnf.fr/ark:/12148/btv1b22000915.thumbnail}|M
242|Jean de|Rotrou|Rotrou (Jean de)|1609|1650|Poète et dramaturge|D. R. (1609-1650)/Jean Rotrou (1609-1650)|{http://data.bnf.fr/ark:/12148/cb119227209}|{http://commons.wikimedia.org/wiki/Special:FilePath/JeanRotrou.jpg?width=300,http://gallica.bnf.fr/ark:/12148/btv1b8622122n.thumbnail}|M
245|Jean|Donneau de Vizé|Donneau de Vizé (Jean)||||""|{}|{}|M
246|Jean-Bernard|Leblanc|Leblanc (Jean-Bernard, abbé)||||""|{}|{}|M
247|Mr|Séguineau|Séguineau (Mr)||||""|{}|{}|M
248|René|Pralard|Pralard (René)||||""|{}|{}|M
251|Jean de|La Chapelle|La Chapelle (Jean de)|1651|1723|Auteur dramatique et écrivain politique. - Membre de l'Académie française (élu en 1688)|Jean de La Chappelle (1651-1723)/Sieur de La Chapelle (1651-1723)/Sieur D. L. C. (1651-1723)/Sieur D.L.C. (1651-1723)|{http://data.bnf.fr/ark:/12148/cb120041193}|{http://commons.wikimedia.org/wiki/Special:FilePath/La_Chapelle,_Jean_de.jpg?width=300,http://gallica.bnf.fr/ark:/12148/bpt6k715559.thumbnail}|M
50|Jean Galbert de|Campistron|Campistron (Jean Galbert de)|1656|1713|Auteur de tragédies, de comédies et d'opéras. - Sécrétaire du duc de Vendôme. - Membre de l'Académie française (élu en 1701)|Jean Galbert de Capistron (1656-1713)|{http://data.bnf.fr/ark:/12148/cb12001061w}|{http://gallica.bnf.fr/ark:/12148/btv1b52000526c.thumbnail}|M
253|Augustin|Nadal|Nadal (Augustin, abbé)||||""|{}|{}|M
259|chevalier|de Pacarony|Pacarony (chevalier de)||||""|{}|{}|M
260||Gaultier|Gaultier||||""|{}|{}|M
37|Philippe|Quinault|Quinault (Philippe)|1635|1688|Poète, auteur dramatique et librettiste. - Membre de l'Académie française (élu en 1670)|""|{http://data.bnf.fr/ark:/12148/cb120068979}|{http://commons.wikimedia.org/wiki/Special:FilePath/Philippe_Quinault.jpg?width=300,http://gallica.bnf.fr/ark:/12148/btv1b84066356.thumbnail,http://gallica.bnf.fr/ark:/12148/btv1b8406636m.thumbnail,http://gallica.bnf.fr/ark:/12148/btv1b8423851m.thumbnail,http://gallica.bnf.fr/ark:/12148/btv1b84238521.thumbnail,http://gallica.bnf.fr/ark:/12148/btv1b8423853f.thumbnail}|M
262|Madeleine-Angélique de|Gomez|Gomez (Madeleine-Angélique de)|1684|1770|Écrivain, auteur de tragédies, d'un ballet héroïque, et d'oeuvres de genre. - Née Madeleine-Angélique Poisson, n'a publié que sous le nom de son premier mari (Don Gabriel de Gomez)|Madeleine-Angélique Poisson (1684-1770)/Madeleine-Angélique Poisson Gomez (dame Gabriel de, 1684-1770)/Madeleine-Angélique Poisson Gomez (madame Gabriel de, 1684-1770)/M.P.V.D.G. (1684-1770)|{http://data.bnf.fr/ark:/12148/cb120020091}|{http://gallica.bnf.fr/ark:/12148/bpt6k58212593.thumbnail}|F
263|François|de Chaligny des Plaines|Chaligny des Plaines (François de)||||""|{}|{}|M
267|""|de La Chazette|La Chazette (de)||||""|{}|{}|M
175|Jean-Baptiste-Louis|Gresset|Gresset (Jean-Baptiste-Louis)|1709|1777|Poète et auteur dramatique, théologien. - Membre de l'Académie française (élu en 1748)|"G ** (1709-1777)/G *** (1709-1777)/L' Auteur de ""Ver-Vert"" (1709-1777)/M. G. (1709-1777)/M.G. (1709-1777)"|{http://data.bnf.fr/ark:/12148/cb12063085m}|{http://commons.wikimedia.org/wiki/Special:FilePath/Jean-Baptiste_Gresset_by_Alexandre-Vincent_Sixdeniers.jpg?width=300,http://gallica.bnf.fr/ark:/12148/bpt6k61286669.thumbnail}|M
269|Charles-Étienne|Pesselier|Pesselier (Charles-Étienne)|1712|1763|Auteur dramatique. - Économiste. - Employé des Fermes. - Membre des Académies d' Amiens (1749) et d' Angers (1761)|Mr. P:***: +3 étoiles+ (1712-1763)|{http://data.bnf.fr/ark:/12148/cb11919341n}|{http://gallica.bnf.fr/ark:/12148/bpt6k5613319s.thumbnail}|M
270||Anonyme|Anonyme||||""|{}|{}|M
272|Nicolas|de Péchantrés|Péchantrés (Nicolas de)||||""|{}|{}|M
273|Jean|de Palaprat|Palaprat (Jean de, sieur de Bigot)||||""|{}|{}|M
274|||Charles Chevillet||||""|{}|{}|M
275|||La Valette||||""|{}|{}|M
19|Joseph de|La Font|La Font (Joseph de)|1686|1725|Auteur dramatique et librettiste|D.L.F. (1686-1725)/Joseph de Lafont (1686-1725)/M.D.L.F. (1686-1725)|{http://data.bnf.fr/ark:/12148/cb11997088n}|{http://gallica.bnf.fr/ark:/12148/bpt6k72126v.thumbnail}|M
9|Michel|Procope-Couteaux|Michel Procope-Couteaux||||""|{}|{}|M
277|François Antoine|Jolly|Jolly (François Antoine)|1672|1753|Poète, auteur dramatique et librettiste. - Censeur royal|François Antoine Joly (1672-1753)|{http://data.bnf.fr/ark:/12148/cb162513620}|{http://gallica.bnf.fr/ark:/12148/bpt6k6117160h.thumbnail}|M
84|||Montfleury|1639|1685|Acteur et dramaturge. - Fils de Zacharie Jacob, dit Montfleury|Antoine Jacob (1639-1685)/Antoine Jacob de Montfleury (1639-1685)/fils Montfleury (1639-1685)|{http://data.bnf.fr/ark:/12148/cb12097080g}|{http://gallica.bnf.fr/ark:/12148/btv1b86221039.thumbnail}|M
83|Paul|Scarron|Scarron (Paul)|1610|1660|Homme de lettres, auteur de poésies burlesques et de comédies|""|{http://data.bnf.fr/ark:/12148/cb11923895q}|{http://commons.wikimedia.org/wiki/Special:FilePath/Paul_Scarron_2.jpg?width=300,http://gallica.bnf.fr/ark:/12148/bpt6k204299m.thumbnail,http://gallica.bnf.fr/ark:/12148/bpt6k204300d.thumbnail,http://gallica.bnf.fr/ark:/12148/bpt6k204359j.thumbnail,http://gallica.bnf.fr/ark:/12148/bpt6k577598.thumbnail,http://gallica.bnf.fr/ark:/12148/btv1b84046115.thumbnail,http://gallica.bnf.fr/ark:/12148/btv1b8404615t.thumbnail,http://gallica.bnf.fr/ark:/12148/btv1b84046167.thumbnail,http://gallica.bnf.fr/ark:/12148/btv1b8424781q.thumbnail,http://gallica.bnf.fr/ark:/12148/btv1b8457571d.thumbnail}|M
278|Claude-Florimond|Boizard de Ponteau|Boizard de Ponteau (Claude-Florimond)||||""|{}|{}|M
147|David-Augustin de|Brueys|Brueys (David-Augustin de)|1640|1723|Abbé. - Auteur dramatique|Abbé Bruis (1640-1723)/David-Agostino de Brueys (1640-1723)/David-Augustin de Breuys (1640-1723)/Jean de Palaprat Bigot (seigneur de, 1650-1721)/Jean Palaprat (1650-1721)|{http://data.bnf.fr/ark:/12148/cb12178282q,http://data.bnf.fr/ark:/12148/cb12178285r}|{http://commons.wikimedia.org/wiki/Special:FilePath/Brueys,_David_Augustin.jpg?width=300,http://gallica.bnf.fr/ark:/12148/bpt6k5814653n.thumbnail,http://gallica.bnf.fr/ark:/12148/bpt6k886812s.thumbnail}|M
280|François-Augustin Paradis de|Moncrif|Moncrif (François-Augustin Paradis de)|1687|1770|Auteur dramatique et poète. - Membre de l'Académie française (élu en 1733) et de l'Académie de Berlin. - Lecteur de Marie Leczinska. - Polygraphe|François-Augustin Paradis Demoncrif (1687-1770)/L' Auteur des Chats (1687-1770)|{http://data.bnf.fr/ark:/12148/cb12006814s}|{http://commons.wikimedia.org/wiki/Special:FilePath/Moncrif_2.jpg?width=300,http://gallica.bnf.fr/ark:/12148/btv1b84098048.thumbnail}|M
281|Charles-Alexandre|Carcavy|Carcavy (Charles-Alexandre, abbé)||||""|{}|{}|M
282|||La Chaussée (Pierre-Claude Nivelle de La Chaussée,||||""|{}|{}|M
190|Léonor-Jean-Christine Soulas d'|Allainval|Allainval (Léonor-Jean-Christine Soulas d')|1700|1753|Auteur dramatique. - Semble n'avoir eu d'abbé que le titre|Abbé Allainval (1700?-1753)/George Wink (1700?-1753)/Leonor-Jean-Christine Soulas d'Allainval (1700?-1753)|{http://data.bnf.fr/ark:/12148/cb11888467n}|{http://gallica.bnf.fr/ark:/12148/bpt6k58156566.thumbnail}|M
294|Jean-Baptiste|Le Mascrier|Le Mascrier (Jean-Baptiste)|1697|1760|A aussi traduit du latin en français Prêtre. - Historien|""|{http://data.bnf.fr/ark:/12148/cb119965027}|{http://gallica.bnf.fr/ark:/12148/btv1b23000952.thumbnail}|M
288|Jacques|Audierne|Audierne (Jacques)|1710|1785|Auteur comique et mathématicien|""|{http://data.bnf.fr/ark:/12148/cb10425836p}|{http://gallica.bnf.fr/ark:/12148/bpt6k5740355s.thumbnail}|M
295|Jean du Castre d'|Auvigny|Auvigny (Jean du Castre d')|1712|1743|Militaire. - A écrit des romans historiques et des ouvrages de vulgarisation historique|Jean d' Auvigny (1712-1743)|{http://data.bnf.fr/ark:/12148/cb12006958p}|{http://gallica.bnf.fr/ark:/12148/bpt6k6507182s.thumbnail}|M
296|Jean-Baptiste|Rousseau|Rousseau (Jean-Baptiste)|1670|1741|Poète|""|{http://data.bnf.fr/ark:/12148/cb11995357q}|{http://commons.wikimedia.org/wiki/Special:FilePath/Rousseau,_Jean-Baptiste.jpg?width=300,http://gallica.bnf.fr/ark:/12148/btv1b8408951z.thumbnail,http://gallica.bnf.fr/ark:/12148/btv1b8408952c.thumbnail,http://gallica.bnf.fr/ark:/12148/btv1b8424476c.thumbnail,http://gallica.bnf.fr/ark:/12148/btv1b8424477s.thumbnail}|M
297|Nicolas Racot de|Grandval|Grandval (Nicolas Racot de)|1676|1753|Compositeur et claveciniste. - Poète. - Auteur dramatique. - Père de Charles-François Racot de Grandval (1710-1784)|Cartouchivandeck (1676-1753)/Grandval père (1676-1753)/Monsieur G (1676-1753)/Nicolas Grandval (1676-1753)/Nicolas Racot de Granval (1676-1753)/Nicolas Ragot de Grandval (1676-1753)/Nicolas Ragot-Grandval (1676-1753)|{http://data.bnf.fr/ark:/12148/cb11997226n}|{http://gallica.bnf.fr/ark:/12148/bpt6k56290832.thumbnail}|M
21|Charles|Du Fresny|Du Fresny (Charles)|1648|1724|"Auteur dramatique. - Journaliste. - Chansonnier. - Éditeur du ""Mercure galant"" de 1710 à 1713 et de 1721 à 1724"|Charles Du Frény (1648-1724)/Charles Dufrény (1648-1724)/Charles Dufresny (1648-1724)/Charles Du Fresny de Rivière (1648-1724)/Charles Du Fresny La Rivière (sieur de, 1648-1724)/Charles Rivière Du Fresny (1648-1724)/Charles Rivière- Dufresny (1648-1724)/Charles Rivière-Dufresny (1648-1724)/Charles Rivierre Du Fresny (1648-1724)/D (1648-1724)/Du F (1648-1724)/Du F :*:+étoile 01+ R (1648-1724)|{http://data.bnf.fr/ark:/12148/cb119971627}|{http://commons.wikimedia.org/wiki/Special:FilePath/CharlesDufresny.jpg?width=300,http://gallica.bnf.fr/ark:/12148/bpt6k575273.thumbnail}|M
300|Étienne-François|Avisse|Avisse (Étienne-François)||||""|{}|{}|M
256|Marie-Anne|Barbier|Barbier (Marie-Anne)|1664|1745|"Auteur dramatique. - Collaboratrice de l'abbé : Pellegrin, Simon-Joseph (1633-1745). - Née vraisemblablement selon A.C. Montoya le 20 ou le 21 janvier 1664, le 21 janvier étant la date de son baptême. D'après Évrard Titon du Tillet qui l'avait connue personnellement, elle serait décédée ""vers l'année 1745, dans un âge très avancé"", en juillet 1743 elle obtenait encore un privilège pour une édition de son ""Théâtre"""|Anne Barbier (1664-1745?)/Anne-Marie Barbier (1664-1745?)/Mademoiselle Barbier (1664-1745?)/M *** B*** (1664-1745?)/M*** B *** (1664-1745?)|{http://data.bnf.fr/ark:/12148/cb10613618v}|{http://gallica.bnf.fr/ark:/12148/bpt6k6272529f.thumbnail}|F
184|Philippe|Poisson|Poisson (Philippe)|1682|1743|Acteur (jusqu'en 1722) et dramaturge (a fait représenter sept comédies en vers)|""|{http://data.bnf.fr/ark:/12148/cb146310327}|{http://gallica.bnf.fr/ark:/12148/bpt6k5772123k.thumbnail}|M
303|||Launay, De|1695|1751|Secrétaire des commandements du grand prieur. - Auteur de pièces de théâtre et de poèmes|Delaunay (1695-1751)/Monsieur de L *** (1695-1751)/Monsieur de Launay (1695-1751)|{http://data.bnf.fr/ark:/12148/cb12434366g}|{}|M
304|ou Lagrange|La Grange|La Grange (ou Lagrange, Nicolas [de])||||""|{}|{}|M
7|Claude-Henri de Fusée|de Voisenon|Abbé Claude-Henri de Fusée de Voisenon||||""|{}|{}|M
305||Desforges|Desforges||||""|{}|{}|M
115|Marc-Antoine|Legrand|Legrand (Marc-Antoine)|1673|1728|Auteur dramatique. - Comédien|Marc-Antoine Le Grand (1673-1728)|{http://data.bnf.fr/ark:/12148/cb11996101s}|{http://gallica.bnf.fr/ark:/12148/bpt6k722175.thumbnail}|M
293|Thomas|L'Affichard|L'Affichard (Thomas)|1698|1753|Auteur de comédies, de romans et nouvelles et de récits de voyage. - Souffleur au Théâtre italien|Thomas Laffichard (1698-1753)|{http://data.bnf.fr/ark:/12148/cb129272490}|{http://gallica.bnf.fr/ark:/12148/bpt6k5747738t.thumbnail}|M
309|Pierre-Charles|Roy|Roy (Pierre-Charles) ; La Font (Joseph de)|1683|1764|Poète. - Auteur dramatique. - Conseiller secrétaire du roi. - Secrétaire de l'ordre de Saint-Michel avant 1748 et jusqu'en 1759|""|{http://data.bnf.fr/ark:/12148/cb120864897}|{http://gallica.bnf.fr/ark:/12148/btv1b90587455.thumbnail}|M
312|Charles-Antoine|Le Clerc de La Bruère|Le Clerc de La Bruère (Charles-Antoine)|1716|1754|Secrétaire de l'Ambassade de France à Rome. - Auteur dramatique et historien|Charles-Antoine Leclerc de La Bruère (1716-1754)|{http://data.bnf.fr/ark:/12148/cb119115507}|{http://gallica.bnf.fr/ark:/12148/btv1b10501697h.thumbnail}|M
148|Raymond|Poisson|Poisson (Raymond)|1630|1690|"Acteur et auteur de comédies. - Il parut dès 1660 à l'Hôtel de Bourgogne ; il créa le rôle de Crispin ; Molière admirait beaucoup le naturel du jeu de Poisson ; ""Les Fous divertissants"" (musique de Charpentier) fut sa dernière pièce ; il se retira du théâtre en 1685 et mourut à son domicile de la rue Saint-Denis"|Raimond Poisson (1630?-1690)/R. P. (1630?-1690)/R.P. (1630?-1690)|{http://data.bnf.fr/ark:/12148/cb12403093p}|{http://gallica.bnf.fr/ark:/12148/bpt6k76288n.thumbnail}|M
144|Jean Dumas d'|Aigueberre|Aigueberre (Jean Dumas d')|1692|1755|Auteur dramatique. - Conseiller au Parlement de Toulouse|Cl. P. G. du C. de G./Jean d' Aiguebert/Jean Dumas d' Aiguebère/Jean Du Mas d'Aigueberre/Jean Dumas d'Aigueberre/Souffleur de la Comédie de Rouen/Un Garçon de café|{http://data.bnf.fr/ark:/12148/cb12166869g}|{http://gallica.bnf.fr/ark:/12148/bpt6k61785k.thumbnail}|M
266|Antoine|Danchet|Danchet (Antoine)|1671|1748|Écrivait aussi en latin Auteur dramatique, librettiste et poète. - Membre de l'Institut, Académie française (élu en 1712)|Antoine d' Anchet (1671-1748)/Antonius Danchet (1671-1748)|{http://data.bnf.fr/ark:/12148/cb11995969c}|{http://commons.wikimedia.org/wiki/Special:FilePath/Antoine_Danchet.jpg?width=300,http://gallica.bnf.fr/ark:/12148/btv1b8540979w.thumbnail}|M
314|Jean|Desmarets de Saint-Sorlin|Desmarets de Saint-Sorlin (Jean)|1595|1676|Poète, romancier, auteur dramatique. - Adversaire des jansénistes. - Membre de l'Académie française (élu en 1634)|I. D. M. (1595-1676)/I.D.M. (1595-1676)/Jean Desmarests (1595-1676)/Jean Des Marets (1595-1676)/Jean Desmarets (1595-1676)/Jean Des Marets de Saint-Sorlin (1595-1676)/Jean Desmaretz (1595-1676)/Sieur de Boisval (1595-1676)|{http://data.bnf.fr/ark:/12148/cb12082496j}|{http://commons.wikimedia.org/wiki/Special:FilePath/Desmarets_de_Saint-Sorlin.jpg?width=300,http://gallica.bnf.fr/ark:/12148/btv1b8408335s.thumbnail}|M
315|Augustin|Nadal|Nadal (Augustin)|1659|1741|Abbé. - Poète. - Critique littéraire et dramaturge|""|{http://data.bnf.fr/ark:/12148/cb119173357}|{http://gallica.bnf.fr/ark:/12148/bpt6k9346821.thumbnail}|M
316|François|Tronchin|Tronchin (François)|1704|1798|Avocat au Conseil de Genève. - Auteur dramatique. - Collectionneur et marchand|""|{http://data.bnf.fr/ark:/12148/cb104885046}|{}|M
89|Edme|Boursault|Boursault (Edme)|1638|1701|Homme de lettres. - Auteur dramatique. - Baptisé entre le 1er et le 4 octobre 1638|E. B. (1638-1701)|{http://data.bnf.fr/ark:/12148/cb118935281}|{http://commons.wikimedia.org/wiki/Special:FilePath/Edme_Boursault.jpg?width=300,http://gallica.bnf.fr/ark:/12148/bpt6k204990c.thumbnail,http://gallica.bnf.fr/ark:/12148/bpt6k204991r.thumbnail}|M
252|François-Michel-Chrétien|Deschamps|Deschamps (François-Michel-Chrétien)|1683|1747|Auteur dramatique|Deschamps (1683-1747)|{http://data.bnf.fr/ark:/12148/cb13007978p}|{http://gallica.bnf.fr/ark:/12148/bpt6k56959759.thumbnail}|M
319|Henri|Richer|Richer (Henri)||||""|{}|{}|M
56|Thomas|Corneille|Corneille (Thomas)|1625|1709|"Dramaturge et poète. - Lexicographe et grammairien. - Traducteur d'Ovide. - Copropriétaire et collaborateur du ""Mercure galant"". - Membre de l'Institut, Académie française (élu en 1684) et de l'Académie des inscriptions et belles-lettres (élu en 1701). - Frère de : Corneille, Pierre (1606-1684)"|D. (1638-1710)/Devizé (1638-1710)/Jean d' Auneau (1638-1710)/Jean Donneau de Visé (1638-1710)/M. D. C. (1625-1709)/M. D. C. de l'Académie françoise (1625-1709)/M. de *** (1638-1710)/P. Corneille (1625-1709)/Sieur de L'Isle (1625-1709)/Sieur de Visé (1638-1710)/Sieur de Vizé (1638-1710)/Thomas Corneille de L'Isle (1625-1709)/Tomaso Cornelio (1625-1709)/Tommaso Cornelio (1625-1709)|{http://data.bnf.fr/ark:/12148/cb119003987,http://data.bnf.fr/ark:/12148/cb11998611z}|{http://commons.wikimedia.org/wiki/Special:FilePath/ThomasCorneille20041119.jpg?width=300,http://gallica.bnf.fr/ark:/12148/bpt6k509443.thumbnail,http://gallica.bnf.fr/ark:/12148/btv1b105019536.thumbnail,http://gallica.bnf.fr/ark:/12148/btv1b8408012r.thumbnail}|M
320|Denise|Lebrun|Lebrun (Denise)||||""|{}|{}|M
64|Prosper Jolyot de|Crébillon|Crébillon (Prosper Jolyot de)|1674|1762|Auteur dramatique. - Membre de l'Académie française (élu en 1731). - Acquis la terre de Crébillon ou Crais-Billon (en 1686). - Père du romancier : Crébillon, Claude-Prosper Jolyot de (1707-1777)|Crébillon père (1674-1762)/J. de Crébillon (1674-1762)|{http://data.bnf.fr/ark:/12148/cb11998713x}|{http://commons.wikimedia.org/wiki/Special:FilePath/Crébillon_Père_2.jpg?width=300,http://gallica.bnf.fr/ark:/12148/btv1b84096035.thumbnail,http://gallica.bnf.fr/ark:/12148/btv1b8409604k.thumbnail}|M
236|Charles-Claude|Genest|Genest (Charles-Claude)|1639|1719|Abbé de Saint-Wilmer, aumônier de la duchesse d'Orléans, secrétaire général de la province de Languedoc. - Poète et auteur dramatique. - Membre de l'Académie Française (élu en 1698|Abbé Genest (1639-1719)/Charles-Claude Genet (1639-1719)|{http://data.bnf.fr/ark:/12148/cb122243798}|{http://gallica.bnf.fr/ark:/12148/bpt6k5447974n.thumbnail}|M
322|Paul|Landois|Landois (Paul)||||""|{}|{}|M
323||Parmentier|Parmentier||||""|{}|{}|M
47|Bernard-Joseph|Saurin|Saurin (Bernard-Joseph)|1706|1781|Avocat au Parlement de Paris. - Auteur dramatique. - Membre de l'Académie française (élu  en 1761)|Bernard-Joseph Sauzin (1706-1781)/M. (1706-1781)|{http://data.bnf.fr/ark:/12148/cb12002643v}|{http://commons.wikimedia.org/wiki/Special:FilePath/Bernard-Joseph_Saurin.jpg?width=300,http://gallica.bnf.fr/ark:/12148/bpt6k6213338c.thumbnail}|M
15|Jean|Racine|Jean Racine|1639|1699|Auteur dramatique, poète. - Membre de l'Académie française (élu en 1672)|Monsieur R ... (1639-1699)/Rasino (1639-1699)|{http://data.bnf.fr/ark:/12148/cb120076761}|{http://commons.wikimedia.org/wiki/Special:FilePath/Jean-Baptiste_Racine.PNG?width=300,http://gallica.bnf.fr/ark:/12148/bpt6k1039753.thumbnail,http://gallica.bnf.fr/ark:/12148/bpt6k200141f.thumbnail,http://gallica.bnf.fr/ark:/12148/bpt6k207953z.thumbnail,http://gallica.bnf.fr/ark:/12148/bpt6k2208884.thumbnail,http://gallica.bnf.fr/ark:/12148/bpt6k2984335.thumbnail,http://gallica.bnf.fr/ark:/12148/bpt6k298434j.thumbnail,http://gallica.bnf.fr/ark:/12148/bpt6k50524c.thumbnail,http://gallica.bnf.fr/ark:/12148/bpt6k50608d.thumbnail,http://gallica.bnf.fr/ark:/12148/bpt6k54291902.thumbnail,http://gallica.bnf.fr/ark:/12148/bpt6k5832776x.thumbnail,http://gallica.bnf.fr/ark:/12148/bpt6k63729470.thumbnail,http://gallica.bnf.fr/ark:/12148/bpt6k65339112.thumbnail,http://gallica.bnf.fr/ark:/12148/bpt6k6931h.thumbnail,http://gallica.bnf.fr/ark:/12148/bpt6k71902t.thumbnail,http://gallica.bnf.fr/ark:/12148/btv1b10509096j.thumbnail,http://gallica.bnf.fr/ark:/12148/btv1b105091083.thumbnail,http://gallica.bnf.fr/ark:/12148/btv1b10509109j.thumbnail,http://gallica.bnf.fr/ark:/12148/btv1b10509110x.thumbnail,http://gallica.bnf.fr/ark:/12148/btv1b53065475f.thumbnail,http://gallica.bnf.fr/ark:/12148/btv1b53086325z.thumbnail,http://gallica.bnf.fr/ark:/12148/btv1b8407317j.thumbnail,http://gallica.bnf.fr/ark:/12148/btv1b8407318z.thumbnail,http://gallica.bnf.fr/ark:/12148/btv1b8407319c.thumbnail,http://gallica.bnf.fr/ark:/12148/btv1b8427272z.thumbnail,http://gallica.bnf.fr/ark:/12148/btv1b8457468k.thumbnail}|M
271|Nicolas|Pradon|Pradon (Nicolas)|1632|1698|Auteur dramatique. - Adversaire de Racine|Jacques Pradon/Pradon (1632-1698)|{http://data.bnf.fr/ark:/12148/cb12074883k}|{http://gallica.bnf.fr/ark:/12148/bpt6k5626255h.thumbnail}|M
91|Alexis|Piron|Piron (Alexis)|1689|1773|Poète et dramaturge|""|{http://data.bnf.fr/ark:/12148/cb11919915r}|{http://commons.wikimedia.org/wiki/Special:FilePath/Piron,_Alexis.jpg?width=300,http://gallica.bnf.fr/ark:/12148/btv1b55004504r.thumbnail}|M
327||Morandet|Morandet||||""|{}|{}|M
